{"_step":107,"loss":1.013579249382019,"_timestamp":1.762060930564805e+09,"_wandb":{"runtime":123},"_runtime":123}