{"_step":0,"loss":1.024398684501648,"_timestamp":1.7620607751768289e+09,"_runtime":8,"_wandb":{"runtime":8}}