{"_step":0,"loss":1.734375,"_wandb":{"runtime":163},"_runtime":163,"_timestamp":1.762060471712787e+09}